Duration,Pulse,Maxpulse,Calories
1.0,-0.15735823426664847,-0.34230545349631636,0.3355713501805017
-0.15735823426664847,1.0,0.2218728933889373,0.513185976081231
-0.34230545349631636,0.2218728933889373,1.0,0.35746011882415796
0.3355713501805017,0.513185976081231,0.35746011882415796,1.0
